AuthId,Name,Phone,Email
auth1,John Doe,5551234567,john.doe@example.com
auth2,Jane Smith,5559876543,jane.smith@example.com
auth3,Michael Johnson,5553331111,michael.johnson@example.com
auth4,Emily Wilson,5554442222,emily.wilson@example.com
auth5,Robert Brown,5555553333,robert.brown@example.com
auth6,Susan Davis,5556664444,susan.davis@example.com
auth7,David Lee,5557775555,david.lee@example.com
auth8,Linda Miller,5558886666,linda.miller@example.com
auth9,William White,5559997777,william.white@example.com
auth10,Sarah Jones,5551118888,sarah.jones@example.com
auth11,Christopher Martinez,5552229999,christopher.martinez@example.com
auth12,Karen Taylor,5553331112,karen.taylor@example.com
auth13,Matthew Garcia,5554442223,matthew.garcia@example.com
auth14,Patricia Hernandez,5555553334,patricia.hernandez@example.com
auth15,Daniel Lopez,5556664445,daniel.lopez@example.com
auth16,Donna Hill,5557775556,donna.hill@example.com
auth17,Joseph Wright,5558886667,joseph.wright@example.com
auth18,Lisa Scott,5559997778,lisa.scott@example.com
auth19,Charles King,5551234568,charles.king@example.com
auth20,Nancy Green,5552222223,nancy.green@example.com
auth21,Thomas Adams,5553333334,thomas.adams@example.com
auth22,Karen Thomas,5554444445,karen.thomas@example.com
auth23,Michael Harris,5555555556,michael.harris@example.com
auth24,Deborah Turner,5556666667,deborah.turner@example.com
auth25,David Baker,5557777778,david.baker@example.com
auth26,Laura Hall,5551234988,laura.hall@example.com
auth27,Richard Clark,5559871123,richard.clark@example.com
auth28,Mary Lewis,5555551433,mary.lewis@example.com
auth29,William Anderson,5553339877,william.anderson@example.com
auth30,Linda Scott,5557777655,linda.scott@example.com
