EmpId,Username,Password
emp1,johndoe,johndoepassword
emp2,janesmith,janesmithpassword
emp3,michaeljohnson,michaeljohnsonpassword
emp4,emilywilson,emilywilsonpassword
emp5,robertbrown,robertbrownpassword
emp6,susandavis,susandavispassword
emp7,davidlee,davidleepassword
emp8,lindamiller,lindamillerpassword
emp9,williamwhite,williamwhitepassword
emp10,sarahjones,sarahjonespassword
emp11,christophermartinez,christophermartinezpassword
emp12,karentaylor,karentaylorpassword
emp13,matthewgarcia,matthewgarciapassword
emp14,patriciahernandez,patriciahernandezpassword
emp15,daniellopez,daniellopezpassword
emp16,donnahill,donnahillpassword
emp17,josephwright,josephwrightpassword
emp18,lisascott,lisascottpassword
emp19,charlesking,charleskingpassword
emp20,nancygreen,nancygreenpassword
emp21,thomasadams,thomasadamspassword
emp22,karenthomas,karenthomaspassword
emp23,michaelharris,michaelharrispassword
emp24,deborahturner,deborahturnerpassword
emp25,davidbaker,davidbakerpassword
